{"count":1,"self":8.218043999999999,"total":8.3542013,"children":{"AgentResetIfDone":{"count":186,"self":0.0018965,"total":0.0018965,"children":null},"AgentSendState":{"count":186,"self":0.058440799999999994,"total":0.12329789999999999,"children":{"CollectObservations":{"count":846,"self":0.0648571,"total":0.0648571,"children":null}}},"DecideAction":{"count":186,"self":0.0049834,"total":0.0049834,"children":null},"AcademyStep":{"count":186,"self":0.0010003,"total":0.0010003,"children":null},"AgentAct":{"count":186,"self":0.0039818,"total":0.0039818,"children":null}}}