{"count":1,"self":3.0923912,"total":33.4988934,"children":{"AgentResetIfDone":{"count":1851,"self":0.009045,"total":0.009045,"children":null},"AgentSendState":{"count":1851,"self":0.20777089999999998,"total":1.0277469,"children":{"CollectObservations":{"count":11112,"self":0.81997599999999993,"total":0.81997599999999993,"children":null}}},"DecideAction":{"count":1851,"self":29.1417696,"total":29.1867421,"children":{"AgentInfo.ToProto":{"count":463,"self":0.0449716,"total":0.0449716,"children":null}}},"AcademyStep":{"count":1851,"self":0.0049559,"total":0.0049559,"children":null},"AgentAct":{"count":1851,"self":0.17801219999999998,"total":0.17801219999999998,"children":null}}}