{"count":1,"self":33.6739744,"total":628.9031914,"children":{"AgentResetIfDone":{"count":21617,"self":0.2381709,"total":0.2381709,"children":null},"AgentSendState":{"count":21617,"self":4.7267032,"total":23.8237363,"children":{"CollectObservations":{"count":194580,"self":19.0970336,"total":19.097033,"children":null}}},"DecideAction":{"count":21617,"self":565.6728064,"total":567.5647822,"children":{"AgentInfo.ToProto":{"count":5405,"self":1.8919503999999998,"total":1.8919503,"children":null}}},"AcademyStep":{"count":21617,"self":0.147903,"total":0.147903,"children":null},"AgentAct":{"count":21617,"self":3.4536263999999997,"total":3.4536262,"children":null}}}