{"count":1,"self":7.6974095999999994,"total":158.4344543,"children":{"AgentResetIfDone":{"count":9288,"self":0.14270259999999999,"total":0.14270259999999999,"children":null},"AgentSendState":{"count":9288,"self":1.5213261999999999,"total":6.7181175999999994,"children":{"CollectObservations":{"count":55728,"self":5.1967912,"total":5.1967913999999995,"children":null}}},"DecideAction":{"count":9288,"self":35.3827456,"total":35.7013008,"children":{"AgentInfo.ToProto":{"count":2322,"self":0.31855629999999996,"total":0.31855629999999996,"children":null}}},"AcademyStep":{"count":9288,"self":0.0588989,"total":0.0588989,"children":null},"AgentAct":{"count":9288,"self":108.11503359999999,"total":108.11502739999999,"children":null}}}