{"count":1,"self":34.0925984,"total":36.2108141,"children":{"AgentResetIfDone":{"count":1742,"self":0.0037459999999999998,"total":0.0037459999999999998,"children":null},"AgentSendState":{"count":1742,"self":0.015243699999999999,"total":0.0970972,"children":{"CollectObservations":{"count":872,"self":0.0818535,"total":0.0818535,"children":null}}},"DecideAction":{"count":1742,"self":1.9710124,"total":1.9710124,"children":null},"AcademyStep":{"count":1742,"self":0.0067339,"total":0.0067339,"children":null},"AgentAct":{"count":1742,"self":0.0386281,"total":0.0386281,"children":null}}}