{"count":1,"self":85.67335039999999,"total":95.8132201,"children":{"AgentResetIfDone":{"count":6096,"self":0.039514,"total":0.039514,"children":null},"AgentSendState":{"count":6096,"self":0.482392,"total":2.9478671999999997,"children":{"CollectObservations":{"count":27432,"self":2.4654751999999998,"total":2.4654751999999998,"children":null}}},"DecideAction":{"count":6096,"self":6.8420103999999995,"total":6.8420102,"children":null},"AcademyStep":{"count":6096,"self":0.016968999999999998,"total":0.016968999999999998,"children":null},"AgentAct":{"count":6096,"self":0.2925088,"total":0.2925088,"children":null}}}