{"count":1,"self":41.5908704,"total":44.6912849,"children":{"AgentResetIfDone":{"count":2537,"self":0.0068363999999999994,"total":0.0068363999999999994,"children":null},"AgentSendState":{"count":2537,"self":0.0089407,"total":0.037663999999999996,"children":{"CollectObservations":{"count":1270,"self":0.0287233,"total":0.0287233,"children":null}}},"DecideAction":{"count":2537,"self":3.0197344,"total":3.0197344999999998,"children":null},"AcademyStep":{"count":2537,"self":0.0039647,"total":0.0039647,"children":null},"AgentAct":{"count":2537,"self":0.0312185,"total":0.0312185,"children":null}}}