{"count":1,"self":37.003971199999995,"total":40.376618,"children":{"AgentResetIfDone":{"count":2725,"self":0.0173397,"total":0.0173397,"children":null},"AgentSendState":{"count":2725,"self":0.016874999999999998,"total":0.042242299999999997,"children":{"CollectObservations":{"count":1364,"self":0.0253673,"total":0.0253673,"children":null}}},"DecideAction":{"count":2725,"self":3.2859642,"total":3.2859642,"children":null},"AcademyStep":{"count":2725,"self":0.0038962999999999997,"total":0.0038962999999999997,"children":null},"AgentAct":{"count":2725,"self":0.0222084,"total":0.0222084,"children":null}}}