{"count":1,"self":2.6482736,"total":8.4594268,"children":{"AgentResetIfDone":{"count":988,"self":0.014931999999999999,"total":0.014931999999999999,"children":null},"AgentSendState":{"count":988,"self":0.0514064,"total":0.2109934,"children":{"CollectObservations":{"count":1976,"self":0.159587,"total":0.159587,"children":null}}},"DecideAction":{"count":988,"self":5.5194588,"total":5.5354804,"children":{"AgentInfo.ToProto":{"count":988,"self":0.0160217,"total":0.0160217,"children":null}}},"AcademyStep":{"count":988,"self":0.0119264,"total":0.0119264,"children":null},"AgentAct":{"count":988,"self":0.0378209,"total":0.0378209,"children":null}}}