{"count":1,"self":15.8001616,"total":350.312272,"children":{"AgentResetIfDone":{"count":17913,"self":0.1739745,"total":0.1739745,"children":null},"AgentSendState":{"count":17913,"self":2.7598732,"total":14.0517205,"children":{"CollectObservations":{"count":143328,"self":11.2918472,"total":11.291847299999999,"children":null}}},"DecideAction":{"count":17913,"self":85.485017599999992,"total":85.931590599999993,"children":{"AgentInfo.ToProto":{"count":4479,"self":0.4465761,"total":0.4465761,"children":null}}},"AcademyStep":{"count":17913,"self":0.0745623,"total":0.0745623,"children":null},"AgentAct":{"count":17913,"self":234.2792704,"total":234.27926939999998,"children":null}}}