{"count":1,"self":3.166518,"total":4.1096335999999996,"children":{"AgentResetIfDone":{"count":196,"self":0,"total":0,"children":null},"AgentSendState":{"count":196,"self":0.009984,"total":0.0340372,"children":{"CollectObservations":{"count":392,"self":0.0240532,"total":0.0240532,"children":null}}},"DecideAction":{"count":196,"self":0.89287129999999992,"total":0.89287129999999992,"children":null},"AcademyStep":{"count":196,"self":0.0009975,"total":0.0009975,"children":null},"AgentAct":{"count":196,"self":0.0142118,"total":0.0142118,"children":null}}}