{"count":1,"self":166.6341632,"total":613.75109049999992,"children":{"AgentResetIfDone":{"count":126788,"self":1.2733875,"total":1.2733875,"children":null},"AgentSendState":{"count":126788,"self":11.0580968,"total":60.1766365,"children":{"CollectObservations":{"count":570546,"self":49.1185408,"total":49.1185395,"children":null}}},"DecideAction":{"count":126788,"self":369.63007999999996,"total":372.9264869,"children":{"AgentInfo.ToProto":{"count":31697,"self":3.2963956,"total":3.2963956,"children":null}}},"AcademyStep":{"count":126788,"self":0.51296089999999994,"total":0.51296089999999994,"children":null},"AgentAct":{"count":126788,"self":12.2264576,"total":12.226457799999999,"children":null}}}